observationId,predictions
4100099350,360 2153 578 773 796 726 1172 1552 2360 1256
4100096393,1552 773 2153 360 2360 796 578 1256 726 1172
4100103428,1256 796 726 360 2360 1172 773 578 2153 1552
4100096438,2360 1256 1172 578 1552 773 726 796 2153 360
4100102708,726 360 1552 773 2153 578 2360 1256 1172 796
4100103826,2360 1172 773 578 726 1256 2153 1552 796 360
4100096876,1172 578 1552 796 2153 1256 773 726 2360 360
4100104007,1256 1552 726 1172 2153 773 796 578 2360 360
4100100146,1256 2153 796 360 773 2360 1172 578 1552 726
4100104174,2360 1256 773 1172 726 1552 796 578 360 2153
4847334709,1172 796 773 1552 578 2360 1256 2153 726 360
4100100236,726 2153 360 578 773 796 1172 2360 1256 1552
4100097236,1256 726 2153 796 360 2360 1172 773 1552 578
4100107315,1256 2360 360 796 773 726 2153 1552 1172 578
4100111460,2153 1172 360 2360 796 578 726 773 1552 1256
4169760342,360 2360 578 1552 726 1256 796 1172 773 2153
4100111660,796 1552 726 2360 2153 1256 1172 360 773 578
4100110833,796 1552 1172 2360 773 360 578 2153 1256 726
4100110887,360 2360 578 1172 1552 726 1256 773 796 2153
4169759408,1552 796 2360 2153 360 773 1256 1172 578 726
4169763410,2153 726 360 578 1552 1256 796 773 1172 2360
4169757432,773 1172 360 726 578 1256 1552 2360 796 2153
4169757541,796 2153 1256 726 360 773 2360 1172 1552 578
4169759566,796 773 578 1552 360 2360 726 2153 1172 1256
4169760608,726 1256 360 1552 2153 2360 1172 578 773 796
4169759624,360 1256 773 2153 2360 1172 796 578 726 1552
4169763640,1172 2360 360 578 726 1552 2153 796 773 1256
4169757650,1172 1256 796 2360 578 360 726 1552 773 2153
4169757664,1256 1552 578 726 796 360 2360 2153 773 1172
4169759706,2360 773 1256 726 2153 360 796 1172 1552 578
4169757847,1256 1172 2360 1552 578 796 360 726 2153 773
4169760898,360 796 2153 1256 1552 578 726 773 1172 2360
4169758230,2360 773 578 726 796 1256 1552 360 1172 2153
4169770347,2153 1172 726 2360 1552 360 796 1256 773 578
4169765508,578 773 1256 1552 360 796 2153 1172 2360 726
4169770608,360 773 1256 2360 726 1172 578 1552 2153 796
4465860441,2153 796 2360 1172 1256 578 726 773 360 1552
4465860473,773 796 1552 726 360 2360 578 1172 2153 1256
4465860505,726 360 578 1256 1552 2360 2153 773 1172 796
4465860565,2153 796 2360 1552 773 726 1256 1172 360 578
4465860584,2360 1256 360 1552 796 2153 1172 578 726 773
4465860721,773 578 360 1256 1172 2360 1552 2153 726 796
4465860865,2360 1256 1172 578 360 726 773 2153 796 1552
4465860866,1256 1552 578 2153 726 2360 773 796 1172 360
4465860933,360 1256 1552 1172 773 726 796 578 2360 2153
4465860965,2360 578 360 1552 726 2153 796 773 1172 1256
4465861007,2153 796 360 773 578 1552 1172 2360 726 1256
4465861206,360 1256 578 1552 2360 2153 726 1172 796 773
4465875461,2153 796 1552 578 773 726 2360 1256 1172 360
4465875554,1552 1256 1172 726 360 2360 773 2153 578 796
4465875645,796 726 1256 360 1172 1552 2360 578 2153 773
4465875652,726 1256 578 1552 360 2360 796 2153 773 1172
4465875795,578 2360 2153 773 360 726 796 1256 1172 1552
4465875805,578 773 1552 726 1256 2153 1172 360 796 2360
4465876055,578 726 1552 796 1172 2153 1256 2360 360 773
4465876077,1552 578 2360 1172 360 796 1256 2153 773 726
4465876197,726 1172 796 360 578 2153 773 1552 2360 1256
4465876263,773 796 726 1256 1552 1172 2153 2360 578 360
4465876286,1552 360 1172 773 578 2153 796 1256 2360 726
4465885365,2153 1552 360 2360 1256 773 578 726 796 1172
4465885399,773 796 2360 360 1552 1256 578 726 2153 1172
4465885445,2360 578 360 796 1552 1172 773 1256 726 2153
4465885614,2360 1552 360 2153 578 1172 796 1256 773 726
4465885772,1172 2360 1256 726 796 1552 360 578 773 2153
4465885850,360 2153 773 1172 578 726 796 1256 2360 1552
4465885862,1172 2360 773 796 2153 578 1552 1256 360 726
4465885883,2153 773 360 796 2360 726 578 1552 1172 1256
4465894410,1172 2153 2360 578 360 773 1552 1256 726 796
4465894494,1172 578 1552 360 796 2153 1256 773 726 2360
4465894518,773 726 1552 796 1256 360 578 2360 2153 1172
4465894622,773 726 360 1552 578 1256 1172 2360 2153 796
4465894655,1256 1552 2153 360 578 726 2360 773 1172 796
4465894664,2360 578 360 1172 1552 2153 796 1256 773 726
4465894673,360 1552 1256 578 796 1172 2153 773 726 2360
4465894715,796 2360 578 726 1552 2153 1172 1256 773 360
4465894720,1552 578 360 796 1172 1256 2153 2360 726 773
4465894817,1256 2360 2153 578 1172 726 1552 773 360 796
4465895055,1256 796 726 1172 773 578 360 2153 1552 2360
4465895204,773 2360 360 726 796 2153 1552 1256 578 1172
4465895287,1256 2360 2153 1172 1552 796 726 773 578 360
4465905471,2153 360 773 1552 2360 578 1256 726 796 1172
4465905714,2360 726 2153 1172 360 773 1552 796 1256 578
4465905791,360 796 726 1552 2360 773 2153 1172 578 1256
4465905797,726 1256 2360 773 578 796 360 1552 1172 2153
4847334733,578 1256 726 2360 796 360 1172 2153 1552 773
4847334743,796 726 1552 773 1172 1256 2153 2360 360 578
4847334828,1552 1172 773 1256 726 2360 796 578 2153 360
4847335314,360 773 796 2360 726 1552 1172 1256 578 2153
4100102330,578 1552 773 1172 360 1256 796 726 2153 2360
4100096459,1552 1256 578 2360 360 726 1172 2153 796 773
4100103514,360 2153 1552 796 578 1256 2360 726 1172 773
4100103536,2153 1256 2360 360 1552 726 796 578 1172 773
4100103558,796 1172 1552 578 360 2360 2153 773 1256 726
4100102717,796 2360 773 2153 1552 1172 360 578 726 1256
4100099900,2153 2360 1172 726 578 1552 773 1256 796 360
4100104070,360 2153 2360 1552 578 796 726 1172 1256 773
4100097057,2360 1172 1256 2153 578 360 726 1552 773 796
4100097093,1256 578 1552 773 796 1172 726 360 2153 2360
4100103068,773 1552 726 578 1256 796 1172 2360 2153 360
4100104225,1552 773 1172 2360 796 2153 726 360 578 1256
4100103167,1172 773 1256 726 796 360 2153 578 1552 2360
4100100235,1172 1256 360 726 578 796 2153 773 1552 2360
4100104258,1552 1172 2360 726 796 578 360 1256 773 2153
4100097287,1172 578 2153 1256 796 2360 726 773 1552 360
4100107343,360 2360 2153 1256 578 796 726 1172 1552 773
4100105316,578 360 1256 773 2153 796 2360 1552 1172 726
4100110348,796 360 1256 773 2153 1552 2360 578 1172 726
4100107378,1552 1256 578 360 726 796 1172 2153 2360 773
4100105385,2153 726 578 773 796 1172 1552 2360 1256 360
4100105635,773 1172 1256 2360 726 796 1552 2153 360 578
4100105680,796 578 1552 360 1172 773 2153 1256 2360 726
4169757430,360 1256 796 1552 773 578 1172 2360 2153 726
4169759479,578 1552 1172 773 2153 360 796 2360 726 1256
4169760516,1172 360 726 1552 2360 2153 773 1256 578 796
4169760601,578 2360 726 796 360 1552 1256 2153 1172 773
4169757616,1256 2153 726 360 2360 773 1172 796 1552 578
4169760628,1552 1256 726 2153 578 1172 773 796 2360 360
4169757819,773 1172 1552 2153 1256 360 2360 578 796 726
4847350462,796 773 1552 2153 578 360 1172 726 2360 1256
4465865344,773 578 726 1172 2153 1552 1256 360 796 2360
4169758276,360 1256 578 1172 796 726 2153 773 2360 1552
4169768390,2360 578 796 360 726 773 2153 1256 1552 1172
4169770398,2153 1256 773 726 2360 360 578 796 1172 1552
4465865452,2360 1256 360 1552 578 773 1172 2153 796 726
4465865456,578 2360 726 1256 2153 773 360 1172 1552 796
4465865459,1172 1256 796 578 2153 726 773 1552 360 2360
4465865545,1552 796 2153 773 1172 578 360 1256 2360 726
4465865601,360 726 578 1172 1256 2153 1552 796 773 2360
4465865654,578 726 2360 360 1256 2153 1552 796 773 1172
4465865826,2360 1256 773 578 726 796 1172 360 2153 1552
4465865837,796 726 2360 360 1256 578 2153 1552 773 1172
4847350463,1256 2360 796 1552 726 360 578 773 1172 2153
4465865856,1256 578 1172 360 796 2153 773 1552 2360 726
4465865862,578 796 1172 773 360 2360 1552 2153 1256 726
4465866158,2360 2153 1256 796 773 578 1552 726 360 1172
4465878482,360 578 726 2360 773 796 2153 1552 1256 1172
4465878504,773 2153 578 360 2360 1256 1172 796 726 1552
4465878510,1256 578 1552 726 773 2153 1172 360 796 2360
4465878636,2360 726 360 773 1552 2153 1172 578 1256 796
4465878686,2153 578 360 726 1552 1172 1256 796 2360 773
4465878739,726 360 773 2153 1172 578 1256 1552 2360 796
4465878854,1256 2153 726 796 1552 773 578 1172 360 2360
4465878866,2360 773 2153 360 1172 578 1256 1552 796 726
4465878877,773 1552 2153 360 578 2360 796 1172 726 1256
4465878895,773 578 1256 796 2360 360 1552 2153 726 1172
4465878901,796 1552 2153 726 1256 2360 773 360 1172 578
4465879000,1256 773 2153 1172 796 726 578 360 2360 1552
4465879011,1256 726 578 360 1172 2360 773 796 1552 2153
4465879085,726 2360 2153 1256 1172 578 773 1552 796 360
4465879164,773 578 726 1552 1172 1256 796 2360 2153 360
4465879184,360 578 773 796 1256 2360 726 2153 1552 1172
4465879209,2360 1172 1552 773 2153 1256 726 360 796 578
4465879259,2360 726 1552 773 796 360 578 1256 2153 1172
4465879285,796 1172 726 360 1256 578 773 2153 2360 1552
4465882333,360 726 578 796 1172 2153 1256 2360 1552 773
4465882360,578 796 360 2360 1256 773 2153 1552 726 1172
4465882751,2153 726 2360 796 360 578 773 1552 1172 1256
4465882841,1256 773 360 578 1552 796 1172 2153 726 2360
4465882915,773 726 360 578 2153 1172 796 1256 1552 2360
4465882954,1256 796 360 726 1172 1552 773 2360 578 2153
4465882999,360 726 578 1172 2360 796 1552 2153 773 1256
4465883025,2360 1552 773 796 2153 360 1256 1172 726 578
4465883156,2153 1552 1172 578 773 1256 796 726 2360 360
4465883294,1172 796 2360 578 726 1552 360 1256 2153 773
4465890442,1172 360 2153 578 773 2360 796 726 1552 1256
4465890586,726 2360 578 1256 1172 796 2153 773 1552 360
4465890587,1552 578 2360 773 2153 1172 1256 360 796 726
4465890625,773 1256 1552 2360 726 796 1172 360 578 2153
4465890641,1552 726 578 796 773 1256 1172 360 2153 2360
4465890823,2360 773 1552 1172 578 360 1256 796 2153 726
4465901378,360 1552 773 2153 578 2360 796 726 1256 1172
4465901494,2153 773 1256 1552 2360 796 1172 360 726 578
4465901626,578 773 1552 796 1172 2360 360 1256 726 2153
4465901697,773 2153 726 2360 578 796 1172 360 1552 1256
4465901722,726 796 2360 773 1256 2153 578 1552 1172 360
4847350476,726 2153 2360 1552 360 773 578 1172 1256 796
4465901874,2360 1256 726 2153 773 796 1172 360 578 1552
4847350497,2360 1172 796 2153 726 360 578 773 1552 1256
4100096291,1552 2153 796 726 1172 360 1256 773 2360 578
4100102313,726 1552 2360 1256 773 2153 796 360 1172 578
4100103379,578 1552 1256 726 1172 773 2360 2153 360 796
4100103391,796 360 1552 726 1256 2360 578 2153 1172 773
4100103468,773 796 2153 1256 360 578 1172 2360 1552 726
4100103858,1552 578 360 773 1256 1172 2153 2360 796 726
4100100116,360 2153 1172 726 796 1552 578 773 2360 1256
4100104132,1552 1172 1256 2153 578 796 726 773 2360 360
4100103211,360 773 1256 1172 2360 796 2153 578 726 1552
4100103271,1552 578 1256 726 796 2153 2360 360 1172 773
4100107373,1552 360 1256 796 726 1172 2360 578 2153 773
4100105347,773 1172 2153 360 726 1552 796 2360 578 1256
4100105369,1256 360 2153 726 1552 2360 773 1172 578 796
4100110426,773 1552 360 2153 2360 796 1172 1256 726 578
4100110484,2153 796 1172 1552 360 773 578 2360 1256 726
4100111590,578 1172 360 2360 1256 2153 773 726 796 1552
4100110654,360 773 1172 1552 726 796 2360 1256 578 2153
4100111612,796 726 1552 360 1172 578 2360 773 2153 1256
4100107680,773 1256 1172 726 796 578 2153 2360 360 1552
4100105664,1256 1552 578 726 2153 360 796 773 2360 1172
4100107718,1172 773 796 2360 2153 726 1256 360 578 1552
4100110742,1552 1256 726 2360 578 2153 1172 773 796 360
4100107759,2153 773 726 578 796 1552 2360 1172 1256 360
4100105866,1256 2153 773 1172 360 796 578 2360 1552 726
4169763341,796 773 1172 2153 1552 360 578 726 2360 1256
4100107968,360 796 2153 726 1552 578 2360 1172 1256 773
4169757369,1552 578 2153 1172 773 2360 360 796 1256 726
4169757451,2153 796 1172 578 2360 726 1256 360 773 1552
4169763465,360 726 796 2153 773 1256 1172 578 1552 2360
4169760487,360 726 796 773 1172 1256 578 2360 2153 1552
4169759478,360 1172 796 773 578 2360 2153 1256 726 1552
4169757495,2360 726 578 1256 360 1552 773 2153 796 1172
4169757583,578 773 2153 2360 1172 726 1256 1552 360 796
4169763603,2360 2153 578 1172 1256 1552 773 726 796 360
4169760615,1552 726 360 773 2153 2360 1172 578 796 1256
4169757653,2153 578 360 1256 1172 726 2360 773 796 1552
4169760659,796 1552 1256 578 2360 726 1172 773 2153 360
4169759675,1552 1172 726 360 773 796 578 1256 2360 2153
4169759727,796 2153 1172 2360 1256 726 360 773 1552 578
4169757766,2360 1552 773 2153 726 1256 360 578 1172 796
4169763772,360 796 2153 726 1552 1256 2360 578 773 1172
4169757793,796 1552 360 726 1172 2153 578 2360 1256 773
4169759880,1256 726 2153 1172 796 360 773 2360 578 1552
4169763901,1256 360 578 2153 773 2360 796 1172 1552 726
4169759902,1172 726 360 2360 796 2153 578 1256 773 1552
4169770500,1256 578 1552 796 726 2360 773 2153 360 1172
4465867375,1552 578 773 360 726 1256 796 2153 2360 1172
4465867452,2360 360 796 2153 578 1256 1172 726 773 1552
4465867481,773 578 1552 2153 2360 726 796 1172 1256 360
4465867576,578 1172 726 1552 2153 773 1256 360 796 2360
4465867602,360 773 578 1256 1172 726 1552 796 2153 2360
4465867733,578 773 726 360 2360 2153 1256 796 1552 1172
4465867753,1256 2360 2153 773 1172 726 360 796 578 1552
4465867859,1172 2153 726 578 773 1256 1552 360 2360 796
4465867960,1172 2153 1552 1256 726 360 796 578 773 2360
4465868062,360 1172 1256 773 1552 578 796 2153 726 2360
4465868132,796 1256 1172 726 360 2360 773 578 1552 2153
4465879508,2360 1172 578 726 1552 1256 796 2153 360 773
4465879600,1256 2153 360 773 726 796 578 1172 1552 2360
4465879605,1172 726 360 2153 1256 2360 578 773 796 1552
4465879615,726 1172 578 796 773 2360 1256 360 1552 2153
4465879879,2360 773 2153 1172 578 1256 360 796 1552 726
4465879908,1256 1552 578 773 360 1172 2360 796 726 2153
4465880036,578 360 1552 2360 2153 1172 1256 796 726 773
4465880040,796 1256 2360 578 773 2153 726 1552 1172 360
4465880108,796 360 1256 726 578 1552 1172 2360 773 2153
4465880218,796 726 2153 2360 360 1172 1256 1552 773 578
4465880237,726 796 1552 2360 1172 1256 773 578 2153 360
4465880257,773 578 1552 796 1256 726 1172 2360 2153 360
4847342630,578 1172 796 1256 2153 726 360 1552 773 2360
4465889365,773 2153 796 2360 726 1256 1172 578 1552 360
4465889368,2153 360 726 2360 1172 1256 796 1552 578 773
4465889699,578 1552 2360 2153 773 1172 726 360 796 1256
4465889897,1552 2153 726 796 773 1256 2360 578 360 1172
4465889924,2153 773 360 1172 1552 1256 2360 796 726 578
4465889940,1172 1552 2360 726 773 360 796 2153 1256 578
4465890220,773 1256 2153 2360 1172 360 578 1552 796 726
4465890253,1256 2153 578 726 773 360 796 2360 1172 1552
4465897543,1552 1256 796 2153 578 360 726 773 1172 2360
4465897574,796 1172 578 1552 773 360 2360 1256 726 2153
4465897587,796 773 1256 726 1552 360 2360 578 1172 2153
4465897630,726 360 2360 1552 1172 796 1256 578 2153 773
4465897656,726 773 1552 2153 796 360 1172 2360 578 1256
4465897747,2360 1172 2153 796 360 1552 578 773 1256 726
4465909359,2153 2360 726 796 1256 1172 1552 773 578 360
4465909483,2360 1256 578 360 1552 726 1172 796 773 2153
4465909580,578 2153 1552 796 2360 1172 360 1256 773 726
4465909811,1256 796 726 360 2360 1552 2153 773 1172 578
4465909851,360 1172 726 1552 2360 2153 773 578 1256 796
4847342642,796 2153 1256 773 360 726 1172 2360 1552 578
4847342651,2360 360 2153 578 773 1552 1256 1172 796 726
4847342654,360 726 2153 1172 578 796 1552 2360 1256 773
4847342656,773 726 2360 796 1552 1172 578 2153 1256 360
4847342665,2360 773 578 360 1256 1552 2153 726 1172 796
4847342704,578 726 2153 773 1256 796 360 1172 1552 2360
4100100374,773 2153 726 796 1172 1256 578 2360 1552 360
4100101375,1552 1256 1172 2360 773 796 360 726 578 2153
4100101505,360 796 2360 2153 773 1552 726 1256 1172 578
4100100670,796 2360 1172 2153 726 578 1256 773 360 1552
4100097909,1172 2153 1552 726 773 796 2360 578 1256 360
4100101841,1552 578 796 726 1172 773 2360 2153 360 1256
4100101953,726 1172 1552 360 578 2360 2153 773 1256 796
4100101985,726 2153 578 796 773 2360 360 1256 1552 1172
4100101002,1256 2153 2360 773 1172 1552 796 578 726 360
4100102019,2360 360 796 773 1256 1552 726 1172 578 2153
4100098127,773 1552 1256 360 578 1172 2153 726 2360 796
4100102094,360 773 2360 1552 796 1172 1256 2153 578 726
4100099205,360 2153 578 1552 1256 773 1172 796 726 2360
4100099234,796 773 1256 578 2153 726 1172 2360 1552 360
4100101203,796 2360 360 1256 2153 726 578 1172 1552 773
4847352405,726 796 1172 578 2360 1256 360 1552 773 2153
4100106345,2360 1256 2153 726 1172 360 796 1552 773 578
4169758332,1552 578 2360 796 1256 360 726 1172 2153 773
4100106377,726 1256 2153 773 578 360 1552 796 2360 1172
4100108362,796 726 2153 773 360 1552 578 1256 1172 2360
4100109361,1552 2153 1172 1256 360 578 796 2360 726 773
4100108380,773 1172 578 1256 360 1552 2153 796 726 2360
4100109527,2360 1172 726 360 578 773 1552 1256 796 2153
4100109554,360 2153 578 796 1172 1256 2360 1552 773 726
4847352407,1256 796 360 1172 2360 726 1552 773 578 2153
4100108666,2153 360 578 726 2360 1172 1256 773 796 1552
4100106721,726 578 1552 2360 2153 773 1172 360 1256 796
4100108711,726 773 1256 2153 1552 1172 2360 796 360 578
4100106769,773 578 2360 360 1172 2153 1256 796 1552 726
4100109778,2360 1552 360 773 726 1256 578 796 1172 2153
4100108801,360 796 1172 773 2360 1256 1552 2153 578 726
4100104892,1172 578 360 773 726 1256 2153 796 2360 1552
4100104998,1172 360 773 578 1256 1552 726 796 2153 2360
4169764373,726 2153 796 578 360 773 1552 2360 1256 1172
4169764380,1256 578 1552 726 360 773 2360 1172 796 2153
4169758408,2153 773 796 1256 360 2360 1552 578 1172 726
4169764577,1552 726 773 796 2360 1256 2153 578 1172 360
4169761562,1256 796 2153 1172 1552 773 726 360 2360 578
4169764600,2153 796 1172 360 773 1256 2360 726 1552 578
4169761590,2360 1552 796 360 1256 726 578 1172 2153 773
4465866338,773 796 726 1172 578 2360 1552 1256 2153 360
4169761631,773 726 1256 360 2360 578 2153 1172 796 1552
4169758665,2360 1172 1256 773 2153 726 1552 360 578 796
4169764755,1172 2360 360 1552 726 1256 796 773 578 2153
4169758758,2153 360 726 2360 773 1552 1256 578 796 1172
4169762739,1256 796 1552 726 578 360 2360 1172 773 2153
4169764780,1256 360 2360 1552 726 773 578 796 2153 1172
4169761880,2153 1256 796 773 578 2360 1172 726 360 1552
4169763029,726 1172 578 2360 1256 1552 773 360 2153 796
4169762111,2153 726 1172 360 1256 578 1552 2360 796 773
4169759176,726 1172 773 578 360 1256 2153 1552 796 2360
4169769331,1256 796 2360 1172 726 1552 578 360 2153 773
4169766375,726 2360 1256 2153 578 796 1552 773 360 1172
4169771538,360 726 1256 2360 578 1172 1552 796 2153 773
4465866372,773 1552 578 1256 360 726 2153 796 2360 1172
4465866376,1552 2360 1172 578 773 1256 796 726 2153 360
4465866401,726 773 796 1172 578 1552 2153 360 1256 2360
4465866412,2360 1172 578 1256 726 2153 796 1552 773 360
4465866740,1172 1552 2360 1256 360 773 578 2153 726 796
4465866934,726 773 1172 2153 2360 1552 578 1256 796 360
4465866959,1256 360 796 2360 773 1552 726 578 1172 2153
4465867128,1172 1256 773 360 2360 796 2153 578 1552 726
4465870327,726 1552 2153 2360 1256 796 578 1172 360 773
4465870361,1552 1256 578 360 2153 2360 1172 796 726 773
4465870376,2153 1256 360 578 796 726 1552 2360 773 1172
4465870448,773 1172 726 2153 1256 360 578 2360 796 1552
4465870450,2153 2360 1256 796 360 1172 578 773 1552 726
4465870454,1256 1172 773 2153 726 2360 796 1552 360 578
4465870476,773 1552 726 2153 2360 1172 360 578 1256 796
4465870537,796 1552 578 360 1256 2153 2360 726 773 1172
4465870558,726 2360 1552 578 773 1256 796 360 1172 2153
4465870594,1172 1256 360 578 2360 726 773 796 2153 1552
4465870739,796 1172 578 1256 2360 360 2153 773 726 1552
4465870796,1552 2360 773 360 1172 726 578 2153 1256 796
4465870807,796 360 2360 2153 1256 1172 578 1552 773 726
4465870836,1256 2360 796 360 1552 2153 773 578 1172 726
4465870870,726 2153 360 1552 1256 1172 2360 773 796 578
4465870919,360 2360 2153 1256 726 1552 578 773 1172 796
4465880475,1256 773 360 1172 578 726 796 2153 2360 1552
4465880487,726 1172 2153 1552 578 360 773 1256 2360 796
4465880614,1256 726 2153 773 578 2360 1172 1552 796 360
4465880892,578 796 726 2360 360 1172 1552 2153 773 1256
4465881036,773 578 796 1256 2360 1172 1552 2153 726 360
4465881082,1256 2360 578 796 360 1172 726 773 1552 2153
4465881120,1552 796 726 1256 360 578 2360 1172 2153 773
4465881129,1256 773 2153 796 2360 726 1552 360 578 1172
4465881150,773 2153 578 360 1172 1256 1552 726 796 2360
4465881176,773 360 2360 578 1256 1552 796 726 2153 1172
4465892303,360 726 2360 1256 1552 773 578 1172 796 2153
4465892450,360 578 796 1256 726 2153 1172 2360 773 1552
4465892653,796 2360 1552 360 726 773 1256 578 1172 2153
4465892660,2360 578 1256 1172 1552 726 360 773 796 2153
4465892676,1172 1552 2360 773 360 726 2153 578 1256 796
4465892703,578 773 1172 2360 726 2153 1256 360 796 1552
4465892896,796 2153 773 360 1552 2360 578 1172 726 1256
4465893063,578 2360 796 360 1172 1552 773 1256 726 2153
4465893067,1172 360 2153 796 1552 1256 2360 773 726 578
4465893105,796 1256 1552 360 2360 773 2153 1172 726 578
4465893294,773 1256 1552 726 796 360 578 1172 2360 2153
4465902520,1172 726 2153 1256 2360 360 773 796 1552 578
4465902576,2153 1552 773 578 360 726 2360 796 1256 1172
4847352416,1256 726 2153 773 578 2360 1552 1172 796 360
4465902654,773 360 726 1552 1172 2153 2360 578 1256 796
4465902704,360 2360 773 578 726 796 1552 2153 1256 1172
4465902767,1552 2360 1256 796 578 773 1172 2153 360 726
4847352418,773 360 2153 578 1172 796 1256 1552 726 2360
4847352560,2153 360 773 796 1552 726 1172 2360 1256 578
4847352563,2360 1552 1172 796 1256 360 2153 578 773 726
4847353050,2360 578 796 1172 360 1256 726 773 1552 2153
4100096299,1172 2360 578 796 773 1256 2153 1552 726 360
4100103403,578 1552 1256 360 2153 2360 1172 726 796 773
4100096525,1256 2153 796 1552 578 1172 726 773 2360 360
4100102558,1172 1256 796 773 2153 1552 360 2360 726 578
4100103640,2360 726 578 1552 1172 2153 796 360 773 1256
4100103658,1256 2360 578 796 773 1552 1172 726 2153 360
4100102763,578 360 726 1256 2360 2153 773 1172 796 1552
4100096874,773 578 796 1256 1172 360 2360 2153 1552 726
4100097134,1172 726 2360 578 1552 773 796 2153 1256 360
4100097155,1552 2360 360 796 773 2153 1256 726 578 1172
4100103136,360 578 726 796 773 1172 1256 2360 2153 1552
4100097247,578 726 2153 1172 1552 1256 773 796 2360 360
4100107434,2153 1552 2360 578 1172 726 773 360 796 1256
4100110561,796 1172 1552 360 578 2360 1256 2153 726 773
4100110597,578 2360 360 773 2153 1256 1552 726 796 1172
4100111543,796 726 1552 1172 578 2360 773 1256 2153 360
4100107675,1256 1172 1552 578 773 2153 360 2360 796 726
4100110682,1552 2360 2153 726 796 773 360 1256 578 1172
4100107730,2360 2153 1172 726 1256 578 1552 796 773 360
4100110743,726 773 1552 2153 1172 796 360 578 1256 2360
4100111692,1256 2360 360 578 773 1172 2153 796 726 1552
4100110755,773 2153 796 1172 360 2360 726 1552 1256 578
4100111702,1172 1256 773 1552 2360 726 360 578 796 2153
4100107774,726 578 796 2360 1172 1552 773 1256 360 2153
4100111739,1172 578 726 1256 773 1552 2153 360 2360 796
4100111746,726 2360 360 1552 773 578 1256 2153 1172 796
4100105810,1256 773 2360 578 726 360 1172 2153 1552 796
4169757343,726 2360 796 773 578 1552 1172 1256 360 2153
4100107931,1256 773 1552 796 360 1172 2153 2360 578 726
4100105913,773 360 1552 1172 1256 2360 578 796 726 2153
4100110987,796 1172 773 2360 578 726 2153 1552 360 1256
4100105968,773 1256 360 726 578 2360 2153 1552 796 1172
4169760374,1172 1552 360 773 2153 1256 578 2360 726 796
4169760432,1552 578 360 1256 2153 773 2360 796 1172 726
4169759468,2360 773 1256 796 726 1172 360 1552 578 2153
4169763521,726 1172 578 796 360 2360 2153 773 1256 1552
4169763587,2153 1552 796 726 578 773 1172 1256 2360 360
4169759599,578 2153 1256 773 1552 360 796 726 2360 1172
4169757597,578 1172 773 1256 360 796 1552 2360 2153 726
4169763628,1552 360 578 796 2153 726 773 1172 2360 1256
4169759682,1552 2153 1172 773 1256 2360 796 726 360 578
4169759772,1552 796 2153 726 1172 360 1256 773 578 2360
4169761279,1256 2153 796 2360 1172 726 773 578 1552 360
4169770368,773 360 578 2360 726 2153 796 1256 1172 1552
4169770403,773 578 726 1256 360 1172 2153 2360 796 1552
4169770567,1256 1552 2153 578 2360 796 773 360 1172 726
4169770641,2360 726 2153 1172 1552 796 1256 360 773 578
4465869357,1256 1552 773 726 360 578 1172 796 2153 2360
4465869511,1172 578 1552 360 796 726 2360 1256 773 2153
4465869607,796 773 578 360 1172 2360 1552 1256 2153 726
4465869618,1552 2360 578 773 796 1172 360 2153 726 1256
4465869626,578 1172 360 2360 2153 773 796 726 1256 1552
4465869651,773 360 2153 2360 1256 1172 1552 726 578 796
4465869652,360 2153 1256 2360 1172 578 726 796 1552 773
4465869700,1552 726 360 1256 578 2153 2360 796 1172 773
4465869704,773 796 2153 578 726 1552 1172 1256 360 2360
4465869756,796 360 2153 1552 1172 1256 578 773 2360 726
4465869798,796 2153 578 2360 360 726 1552 773 1256 1172
4465869937,1172 360 773 1256 726 1552 2153 578 2360 796
4465869959,578 773 1256 2360 1552 796 726 360 1172 2153
4465870129,360 578 2360 1552 726 796 1256 1172 2153 773
4465870146,360 1552 773 578 796 1256 1172 2153 2360 726
4465870150,360 1552 1256 1172 796 2360 773 2153 726 578
4465870202,2153 773 2360 796 1256 360 1552 1172 726 578
4465876348,796 773 1552 1172 726 1256 2360 578 2153 360
4465876388,1552 726 2153 1172 2360 578 1256 360 773 796
4465876404,2360 2153 796 773 1552 578 1172 360 1256 726
4465876467,2153 726 578 773 1256 796 360 2360 1172 1552
4465876628,578 2360 360 1256 2153 1172 726 773 1552 796
4465876657,2153 2360 578 360 1256 1172 773 1552 726 796
4465876659,578 1256 1552 773 360 2153 726 2360 796 1172
4465876664,578 1552 2153 1256 360 2360 796 1172 773 726
4465876715,2153 578 796 1256 1172 726 773 1552 2360 360
4465876770,1172 2153 1256 2360 796 1552 726 773 360 578
4465876781,1256 796 773 360 726 1552 2360 578 1172 2153
4465876833,2153 2360 1256 726 578 1172 1552 796 360 773
4465876922,1256 773 2360 1552 360 578 726 1172 2153 796
4847346558,726 360 1256 2360 1552 773 796 578 1172 2153
4465877237,2360 1256 360 1552 773 1172 578 796 2153 726
4465877247,1172 726 1552 2360 360 578 773 1256 2153 796
4465877298,773 360 2153 1256 726 578 796 2360 1172 1552
4465888336,360 2360 773 578 1172 2153 1256 1552 796 726
4465888357,1552 2153 578 796 773 1172 726 2360 360 1256
4465888409,578 360 1552 1172 726 773 2360 1256 796 2153
4465888423,1256 726 1172 578 2360 796 773 1552 2153 360
4465888754,773 2360 1172 2153 578 796 726 1256 1552 360
4465888902,773 726 2360 1552 796 1172 360 2153 1256 578
4465888961,2153 1256 360 796 773 726 578 1552 1172 2360
4465899311,578 2360 796 773 1552 360 1172 1256 726 2153
4465899357,2360 2153 360 1552 773 1172 726 1256 578 796
4465899400,578 2153 726 1256 796 773 2360 360 1552 1172
4465899415,773 1552 796 726 578 1172 360 1256 2360 2153
4465899466,773 2153 1552 1256 1172 726 2360 578 796 360
4465899493,1172 796 360 773 578 1256 1552 2360 2153 726
4465899523,796 1172 578 2153 1256 726 773 1552 360 2360
4465899577,578 796 773 360 726 1172 1552 2153 1256 2360
4465899615,773 726 2153 796 578 2360 1172 1552 360 1256
4465899619,773 360 1552 2360 1256 726 2153 1172 578 796
4465899850,1552 1172 1256 2153 578 773 796 726 2360 360
4465899925,2153 1552 360 796 1256 578 773 1172 2360 726
4465900147,726 796 1552 2360 578 773 2153 360 1172 1256
4465900230,796 578 2153 1256 773 360 2360 726 1172 1552
4465900244,1256 773 1552 360 796 2360 578 2153 1172 726
4465907311,1552 2360 773 578 360 726 1256 1172 2153 796
4465907404,1552 726 773 2153 578 796 360 1172 1256 2360
4465907626,1256 1172 2360 2153 773 1552 578 360 726 796
4465907695,1172 360 726 2153 796 773 1552 578 1256 2360
4847346582,773 2360 1552 360 726 2153 1256 578 1172 796
4847346720,1256 773 360 2360 578 2153 1552 796 726 1172
4100093119,360 2153 796 2360 578 1172 773 1552 1256 726
4100098534,2153 360 726 796 1552 2360 1256 578 773 1172
4100101496,360 773 1552 796 2153 1172 578 1256 2360 726
4100101581,2153 1552 578 2360 1256 773 726 796 1172 360
4100098649,2360 360 2153 726 1256 1552 796 578 773 1172
4100101664,1552 773 578 796 2153 1172 2360 1256 360 726
4100098746,773 1172 796 1552 726 2360 360 578 2153 1256
4100101005,726 773 578 1172 360 796 2360 2153 1256 1552
4100099148,1552 1172 1256 773 2153 578 2360 360 726 796
4100098185,2153 1172 360 726 796 1256 578 773 2360 1552
4100098262,796 726 1552 2153 2360 1256 578 773 360 1172
4100098273,1256 1552 2153 1172 773 360 726 578 796 2360
4100102285,2360 796 1172 726 773 360 1256 1552 2153 578
4100102286,773 578 796 1172 1552 1256 2153 2360 726 360
4100102290,578 773 2360 1172 796 2153 1552 360 726 1256
4100102300,2153 578 726 360 2360 1172 1256 773 796 1552
4100108336,1256 1172 773 2360 578 1552 2153 726 796 360
4100104386,578 773 1172 2153 2360 796 360 726 1552 1256
4100108358,2360 2153 1172 1256 360 726 578 773 1552 796
4100104419,726 773 578 2360 2153 796 1256 1552 360 1172
4100104436,578 360 773 796 2153 1256 1172 726 2360 1552
4100104551,726 1256 578 1172 2360 1552 796 360 2153 773
4100108575,773 2360 1256 2153 1552 1172 578 726 796 360
4100106683,578 726 2153 796 773 2360 1552 1256 360 1172
4100109677,2153 1172 1552 796 2360 726 360 578 773 1256
4847344583,773 1552 2360 726 578 2153 360 1172 1256 796
4100109755,2153 773 726 796 578 2360 1172 1256 1552 360
4100109829,2360 773 1172 1256 360 2153 1552 726 796 578
4100108855,1256 360 578 773 1172 1552 726 796 2153 2360
4100104918,796 1552 773 726 578 2153 1172 360 2360 1256
4100108952,2153 796 773 1172 2360 578 1256 1552 360 726
4100105008,1172 578 726 773 2153 796 2360 360 1552 1256
4169762335,578 726 1172 1552 773 2360 1256 796 360 2153
4169761347,1552 2153 360 1172 726 2360 796 773 1256 578
4169762395,1256 578 1552 2153 796 726 773 1172 2360 360
4169762513,1552 796 726 578 2360 1172 1256 2153 360 773
4169761550,578 2360 1172 726 796 2153 360 1552 773 1256
4169764597,796 360 2360 1172 773 578 2153 726 1256 1552
4169758637,773 2153 1172 578 2360 1256 796 360 726 1552
4169761645,773 726 1256 796 2360 360 1172 2153 1552 578
4169758683,796 726 1256 2360 578 360 1552 773 2153 1172
4169764714,360 773 578 2153 1256 796 2360 726 1552 1172
4169762689,1172 2360 773 2153 578 1552 360 1256 796 726
4169761699,2153 360 1172 2360 726 773 578 1552 796 1256
4169764772,796 773 2153 1172 1552 726 2360 360 1256 578
4465868342,578 726 360 1172 773 2153 1256 796 1552 2360
4169761830,2153 1552 726 773 578 1172 360 1256 2360 796
4169762930,2153 2360 773 578 1552 1256 1172 360 796 726
4169762936,2153 578 796 360 1256 1172 726 2360 1552 773
4169762957,1172 796 2153 1256 578 726 2360 1552 360 773
4465868346,1256 2153 2360 1172 773 578 726 360 796 1552
4169765107,1256 1172 360 726 2360 796 773 578 1552 2153
4465868355,360 726 796 1552 2360 2153 578 1256 1172 773
4169772337,578 2360 2153 1552 773 1256 360 726 1172 796
4465868374,1256 726 796 2360 773 360 2153 1172 1552 578
4465868440,360 726 1552 1172 2360 2153 578 1256 796 773
4465868669,1256 578 773 1552 796 1172 2360 2153 726 360
4465868729,1172 360 773 2360 1256 726 1552 578 796 2153
4465868930,726 2153 578 773 1256 2360 796 360 1552 1172
4465869128,1552 773 1256 1172 360 796 726 2153 578 2360
4465877400,726 360 796 1256 2153 1172 1552 578 773 2360
4465877418,1256 1552 1172 2153 726 796 773 360 578 2360
4465877477,726 796 2153 578 360 1256 1552 773 2360 1172
4465877521,796 726 578 2360 2153 773 1172 1256 360 1552
4465877730,1172 1552 773 360 726 796 1256 2360 578 2153
4465877793,1256 726 796 578 773 2360 2153 1172 1552 360
4465877854,1172 2360 578 773 1552 2153 726 360 1256 796
4465877891,773 1172 2153 1256 360 2360 1552 726 796 578
4465877895,773 2153 1256 578 796 1172 1552 360 726 2360
4465877928,578 2360 726 360 1256 773 796 2153 1552 1172
4465877974,773 796 726 2360 360 1172 1256 578 2153 1552
4465878083,360 578 1172 2360 726 1256 773 2153 1552 796
4465878102,578 726 1552 2153 1172 773 2360 1256 796 360
4465878218,796 360 578 2360 1552 1256 773 726 2153 1172
4465878255,1552 726 1256 1172 2360 796 2153 360 773 578
4465887304,1256 796 1552 2360 726 578 1172 773 2153 360
4465887431,578 1552 2360 796 773 1256 2153 1172 360 726
4465887442,360 726 796 2360 2153 1256 578 1172 773 1552
4465887489,578 1256 2153 796 2360 1552 360 726 773 1172
4465887521,1256 726 796 1172 1552 360 773 2153 578 2360
4465887538,578 1552 1256 796 360 2360 1172 2153 773 726
4465887652,773 726 1256 796 1552 2153 2360 360 578 1172
4465887749,773 1552 1256 578 726 796 360 2153 1172 2360
4465887862,2153 1552 1256 726 796 773 1172 360 578 2360
4465887881,578 1552 796 1256 773 2153 726 1172 360 2360
4465887921,1256 2360 360 1172 2153 1552 796 726 578 773
4465887959,2153 1256 773 1172 578 360 1552 796 2360 726
4465888003,1552 2153 773 2360 726 578 1172 1256 360 796
4465888030,1552 796 578 360 773 2153 1256 2360 1172 726
4465888069,360 2360 773 578 796 726 2153 1256 1552 1172
4465888163,2360 1552 1172 796 726 360 578 773 2153 1256
4465888228,773 1552 726 796 2360 578 360 1256 2153 1172
4465898560,2360 1552 796 1172 2153 578 1256 773 360 726
4465898596,2360 360 726 578 796 1552 1256 1172 2153 773
4465898600,773 1172 2360 1552 1256 360 796 726 578 2153
4465898661,726 360 796 1256 2153 2360 1552 773 578 1172
4465898678,726 2360 1256 1552 773 796 2153 578 1172 360
4465898738,1256 2153 773 796 2360 1552 578 1172 726 360
4465898913,1256 2153 2360 1552 773 578 796 726 1172 360
4465908418,726 796 360 2153 773 1552 578 2360 1256 1172
4465908471,1172 2360 2153 1552 796 773 726 578 360 1256
4465908500,578 1256 726 1552 1172 773 360 2360 2153 796
4465908550,1552 726 2153 1256 773 1172 578 2360 796 360
4465908623,726 773 578 2360 360 796 2153 1172 1256 1552
4465908720,578 2153 773 1552 1256 796 726 360 2360 1172
4847344597,2360 360 796 773 2153 578 1552 1256 726 1172
4847344606,773 796 578 1172 726 1256 2360 1552 2153 360
4847344607,726 1256 360 796 773 1172 1552 2153 578 2360
4847344609,1552 578 726 2360 773 796 1256 1172 2153 360
4847344632,796 1552 360 2360 2153 773 726 1172 1256 578
4847344675,1172 1256 2360 726 2153 1552 773 578 796 360
4847344746,2153 773 1552 578 2360 1256 360 1172 796 726
4100093195,2153 726 773 796 360 1172 1552 578 2360 1256
4100101366,1172 360 796 773 2153 1256 578 1552 726 2360
4100097758,2360 773 726 1256 360 796 2153 578 1172 1552
4100097835,1172 2153 1256 1552 726 578 796 360 2360 773
4100100913,360 2360 578 1552 796 726 1256 773 1172 2153
4100102167,578 2153 1256 1172 796 360 1552 726 2360 773
4100102201,1256 1552 773 726 796 1172 578 360 2153 2360
4100098270,1256 773 1552 360 2360 796 2153 578 726 1172
4100101254,1552 578 773 1256 360 2153 2360 726 1172 796
4100102263,1172 2153 726 2360 773 578 1552 1256 360 796
4100104360,2153 2360 1552 726 360 1172 773 796 1256 578
4100109385,360 773 796 578 2360 2153 1552 1256 726 1172
4100104512,360 796 2360 578 1552 1172 1256 2153 773 726
4100104518,773 796 1552 578 360 1172 2153 726 1256 2360
4100106651,1552 796 2360 1256 1172 578 360 726 773 2153
4100109620,2360 773 796 726 1256 1552 360 2153 1172 578
4100109634,1256 773 360 578 1172 796 1552 726 2153 2360
4100109656,1172 360 2153 1552 1256 578 796 726 2360 773
4100104748,2360 1552 796 2153 578 773 1172 1256 360 726
4100106759,2153 360 1552 726 773 1256 2360 578 796 1172
4100109744,796 1256 726 2360 1172 360 2153 578 1552 773
4100106797,1172 1552 360 726 1256 2360 796 773 578 2153
4100108781,773 360 1172 2360 1256 578 1552 2153 796 726
4100104867,360 796 1256 726 2360 578 773 1552 1172 2153
4100109874,360 2360 773 796 2153 578 1172 1552 1256 726
4169758364,1552 2153 2360 578 1172 773 796 726 360 1256
4169762364,1172 360 578 796 2153 1552 1256 2360 726 773
4169762414,2153 796 578 2360 1256 726 1552 1172 360 773
4169764500,726 578 2153 1552 1172 1256 2360 360 773 796
4169758504,1256 726 1172 2360 1552 773 578 796 2153 360
4169762549,726 773 578 2153 1172 796 1552 360 1256 2360
4169762586,726 578 2360 1552 1172 773 2153 796 1256 360
4169764634,726 2153 360 796 2360 1172 1552 578 773 1256
4465863347,1552 773 2360 2153 360 726 578 1172 1256 796
4169762654,796 1172 360 2153 1256 726 578 2360 773 1552
4169762684,1552 360 726 1256 773 1172 2153 796 578 2360
4169758716,726 773 796 360 578 2360 1256 2153 1552 1172
4465863350,2360 1172 773 2153 578 1256 796 360 726 1552
4169758880,2153 1256 773 796 2360 1552 360 1172 726 578
4169764914,1256 2153 360 578 773 796 2360 1172 1552 726
4169759041,1552 360 578 796 2360 2153 773 726 1256 1172
4169765171,796 1172 2360 1552 2153 1256 578 360 726 773
4465863369,773 726 578 1172 1552 1256 796 2360 2153 360
4169772523,1256 726 2360 796 773 1172 1552 578 360 2153
4465863377,2360 726 578 1552 360 796 1172 773 1256 2153
4465863391,2153 796 1256 360 773 578 1172 726 2360 1552
4465863392,1172 773 578 2153 1552 2360 726 1256 360 796
4465863400,726 1552 773 578 796 360 2360 1172 1256 2153
4465863527,773 2153 726 1172 360 796 578 2360 1256 1552
4465863876,1256 2360 796 773 1552 726 1172 360 578 2153
4465864143,578 796 2360 2153 1256 360 1552 1172 773 726
4465874390,1256 796 360 773 2153 726 2360 1552 578 1172
4465874474,726 1552 2360 1256 2153 578 796 1172 773 360
4465874480,726 2153 1256 1552 796 2360 360 773 1172 578
4465874709,773 726 796 2360 1256 1552 2153 578 360 1172
4465874721,2153 726 1256 578 1172 360 796 1552 2360 773
4465874872,360 1256 1552 1172 2153 2360 726 796 773 578
4465874874,796 1172 578 726 360 1256 1552 2153 773 2360
4465874944,1256 1552 2153 726 773 360 1172 2360 578 796
4465875000,2153 360 1256 2360 773 578 1552 796 726 1172
4465875081,773 578 2360 1256 1552 1172 726 2153 796 360
4465875160,578 2360 1172 773 726 2153 360 796 1552 1256
4465875200,726 796 773 578 360 1256 1552 2153 2360 1172
4465875273,2360 773 1552 726 796 360 1256 578 2153 1172
4465884447,2360 796 1172 773 1256 2153 578 360 1552 726
4465884461,726 2153 1552 2360 360 1172 773 578 796 1256
4465884994,1552 578 1172 1256 773 360 796 726 2153 2360
4465885039,2153 796 773 578 360 1552 1256 1172 2360 726
4465885078,1552 2153 2360 360 773 726 578 1172 796 1256
4465885089,726 1256 1552 773 1172 360 2153 796 2360 578
4465885093,1172 1552 2360 360 578 2153 773 796 1256 726
4465895341,578 726 796 360 2360 1552 1172 773 2153 1256
4465895492,578 1552 773 796 360 1172 2360 726 1256 2153
4465895509,2153 1172 796 360 1552 578 1256 726 2360 773
4465895562,773 726 1256 2153 2360 360 796 1172 1552 578
4465895563,1552 2153 1256 578 726 1172 2360 773 360 796
4465895583,773 726 1172 2153 1256 360 1552 578 796 2360
4465895588,1172 360 796 2360 2153 726 578 1552 773 1256
4465895640,360 773 578 2153 1256 1172 1552 2360 726 796
4465895651,773 1172 726 796 1256 2360 578 1552 2153 360
4465895676,2153 360 726 1256 1552 1172 2360 773 796 578
4465895736,1172 1256 360 2153 773 726 578 796 2360 1552
4465895737,1256 578 1172 1552 796 2153 360 773 726 2360
4465895752,1172 578 2153 796 1552 773 360 2360 1256 726
4465895776,726 2153 773 1256 578 1172 796 360 2360 1552
4465896145,773 578 796 726 360 2153 1552 1172 1256 2360
4465896196,1552 796 578 2153 360 1256 726 773 2360 1172
4465904539,773 578 726 2360 360 1552 2153 796 1172 1256
4465904687,360 1256 2153 1172 796 726 1552 773 578 2360
4847348538,796 1256 2360 578 726 360 773 1172 1552 2153
4847348539,1256 796 1172 726 578 2360 1552 773 2153 360
4847348547,726 1172 2153 796 1256 360 578 773 2360 1552
4847348548,1552 1172 1256 773 796 360 578 2360 2153 726
4847348588,360 1552 796 578 1256 726 2360 2153 773 1172
4847348629,796 1552 578 1256 773 360 2153 2360 1172 726
4847348641,360 1172 1552 2360 796 726 2153 1256 578 773
4847348654,2153 1256 773 2360 578 796 726 1172 1552 360
4847348666,2360 2153 360 578 726 1256 796 1172 773 1552
4100093137,726 796 1172 1552 578 2360 360 773 2153 1256
4100098542,1552 773 360 2153 1256 726 796 2360 578 1172
4100100586,1172 1552 773 2153 578 2360 726 360 1256 796
4100098646,578 1552 796 1256 726 2153 360 2360 1172 773
4100097695,1552 360 726 2360 1256 773 1172 2153 578 796
4100098751,360 1552 773 726 578 1256 2153 796 2360 1172
4100100844,773 1552 726 578 1256 360 2153 1172 796 2360
4100098911,2360 2153 726 1256 1172 1552 773 578 360 796
4100098964,2153 360 2360 726 578 796 773 1256 1552 1172
4100098016,1552 578 1256 726 360 773 796 2153 2360 1172
4100102032,1172 796 1552 360 773 2360 2153 726 1256 578
4100101043,726 1552 1172 1256 2153 796 2360 578 360 773
4100099089,773 2153 726 1172 2360 1256 796 1552 360 578
4100102074,726 796 578 2360 2153 1552 1256 773 1172 360
4100098156,773 578 1552 1256 2153 2360 726 796 1172 360
4100098235,1172 2360 2153 773 1256 726 1552 578 360 796
4100101255,1172 796 2153 773 360 578 726 1256 2360 1552
4100102243,2153 578 2360 360 1256 726 773 1552 796 1172
4100106312,578 1256 773 726 1552 360 1172 2153 796 2360
4100108317,578 726 2153 360 1552 796 773 1172 1256 2360
4100109352,2360 360 796 1172 773 1552 2153 578 1256 726
4100104434,1256 1552 578 1172 796 2360 726 773 2153 360
4100109397,796 726 773 1256 2360 2153 1172 578 360 1552
4100108454,360 2360 1172 1552 578 773 796 726 2153 1256
4100106600,1172 773 1256 726 2360 2153 1552 578 360 796
4100104620,1552 1256 773 360 578 2360 796 726 1172 2153
4100104647,1172 796 1256 578 1552 773 726 2360 2153 360
4100109596,1172 1256 578 1552 2153 773 796 2360 726 360
4847336701,360 773 796 1172 2153 2360 1552 726 1256 578
4100104875,2153 796 360 578 1256 2360 1552 1172 726 773
4100109846,578 2153 726 1256 360 773 2360 1552 1172 796
4100108963,578 773 2153 796 1172 1256 726 1552 360 2360
4169764368,796 726 1552 578 2360 2153 1256 360 773 1172
4169758396,1552 2153 360 773 726 1256 1172 578 796 2360
4169762392,1172 773 1552 360 2360 1256 578 726 796 2153
4169764540,2360 773 578 1172 1256 1552 726 796 360 2153
4169764589,578 2153 2360 1256 360 1172 773 796 1552 726
4169761576,1172 796 578 1256 726 2153 773 1552 360 2360
4169758588,1172 773 2360 726 2153 796 360 1552 1256 578
4169764635,1256 1172 1552 578 2360 360 726 796 2153 773
4169761637,1172 1256 360 796 726 2360 773 2153 1552 578
4169762673,360 726 1172 2153 773 1552 1256 796 578 2360
4169761791,578 1172 2360 360 1552 726 1256 773 796 2153
4169758856,1552 578 360 1172 796 1256 773 2153 726 2360
4169758874,2153 1256 578 726 2360 796 360 773 1552 1172
4169761923,726 2360 360 773 578 796 2153 1552 1256 1172
4169758946,796 726 2360 578 1256 773 1552 1172 2153 360
4169761926,773 578 2153 360 796 1256 1552 2360 726 1172
4169764986,1552 2360 360 773 1172 726 796 1256 578 2153
4169758996,1552 1172 796 1256 578 773 726 2153 2360 360
4169765059,578 796 360 2360 726 1552 2153 1256 773 1172
4465862365,1256 796 726 773 1172 2360 1552 360 578 2153
4169771347,1256 2360 578 796 2153 1172 726 360 773 1552
4465862653,1552 773 1172 1256 726 796 578 2153 360 2360
4465862743,2360 360 1256 796 1552 578 2153 773 1172 726
4465862980,1172 2360 1256 796 2153 773 726 578 360 1552
4465863026,726 1172 2360 796 578 2153 1552 773 360 1256
4465863259,796 578 1552 726 360 1172 2360 773 2153 1256
4465863262,1256 726 360 578 2153 796 2360 773 1552 1172
4465863298,773 1256 360 1552 1172 2360 726 796 2153 578
4465872470,773 726 578 360 796 2153 1552 1172 1256 2360
4465872557,1552 1256 2360 360 578 2153 1172 773 726 796
4465872629,360 1172 2360 578 796 726 1256 773 2153 1552
4465872663,360 578 1552 796 2360 726 1256 1172 773 2153
4465872818,726 360 2153 1256 1172 2360 578 773 796 1552
4465872847,360 1256 796 773 2360 1172 578 1552 2153 726
4465872853,796 1172 2153 773 2360 726 578 1552 360 1256
4465872917,726 360 773 1172 2360 796 578 1552 2153 1256
4465872952,1552 796 2153 360 1256 773 726 2360 1172 578
4465873097,360 726 1552 773 796 2153 578 1256 1172 2360
4465873281,2153 1256 1172 360 726 796 773 1552 2360 578
4465881313,2153 360 2360 1552 578 773 1172 1256 796 726
4465881328,578 773 1256 726 2360 2153 796 1172 1552 360
4465881417,1172 773 578 1552 2360 796 1256 726 360 2153
4465881804,1256 726 1172 773 796 1552 578 2360 2153 360
4465881831,1172 726 578 796 1552 773 2360 2153 360 1256
4465882043,773 578 360 796 2360 1172 726 1552 2153 1256
4465882152,1552 1256 2360 773 1172 2153 578 726 796 360
4465891399,796 578 2360 726 773 1172 360 1552 1256 2153
4465891510,360 796 726 578 2360 1256 1552 1172 773 2153
4465891590,1172 773 1552 2360 360 2153 578 726 1256 796
4465891591,2360 360 2153 1256 1552 773 726 1172 796 578
4465891616,1256 796 2360 726 578 360 2153 773 1172 1552
4465891641,773 578 726 2153 2360 796 1552 360 1256 1172
4465891649,1172 360 1256 1552 773 796 2360 578 2153 726
4465891686,1552 2360 578 726 360 1256 773 1172 2153 796
4465891700,796 1552 726 360 1172 773 1256 578 2153 2360
4465891701,726 360 2153 1172 1552 1256 578 773 2360 796
4465891751,2360 1552 796 578 360 726 773 2153 1172 1256
4465891975,726 2360 2153 773 1256 1552 360 578 1172 796
4465892228,1552 726 360 2360 578 1172 2153 1256 773 796
4465892294,796 360 1552 726 773 1256 578 2153 2360 1172
4465900521,1256 796 2153 773 578 726 360 2360 1552 1172
4465900745,360 1172 2153 1256 796 726 578 2360 1552 773
4465900837,1172 578 360 1552 796 726 1256 2360 2153 773
4847336718,2360 1172 726 796 1552 1256 578 2153 773 360
4847336735,2153 773 360 578 796 1256 1172 2360 726 1552
4847336741,360 2360 796 726 773 1552 1172 578 1256 2153
4847336754,2360 2153 773 796 360 1172 1256 1552 726 578
4847340677,578 360 2153 1172 773 726 1256 1552 796 2360
4847340678,2360 796 1552 2153 360 578 1256 726 773 1172
4100098334,1552 1172 2360 578 1256 773 726 360 2153 796
4847340679,1172 1552 796 578 726 360 773 1256 2360 2153
4100100450,726 2153 1552 773 578 1256 2360 360 796 1172
4100100566,2360 796 1256 726 1552 2153 360 1172 773 578
4100098939,578 2153 1172 360 1256 726 796 2360 1552 773
4100102043,1552 360 2360 1256 796 773 1172 2153 726 578
4100102077,578 796 1172 726 2360 1552 773 1256 2153 360
4100102158,1172 1256 578 796 1552 2153 2360 726 360 773
4100102238,726 2360 796 1172 1552 773 360 2153 578 1256
4100106350,1172 1256 360 2153 796 726 2360 773 1552 578
4100108371,1552 726 1172 360 578 1256 773 796 2360 2153
4100109398,2360 1552 796 1256 578 2153 773 360 1172 726
4100106457,2153 578 1552 796 773 360 2360 1256 1172 726
4100106530,1256 726 578 2360 1172 773 360 796 1552 2153
4100104630,726 796 360 2360 1172 578 2153 1256 1552 773
4100109577,2153 578 726 360 796 773 1256 2360 1172 1552
4100109776,796 773 1552 360 2360 726 578 1172 2153 1256
4169762352,578 2153 360 796 1552 1256 773 726 2360 1172
4169761364,1552 773 1172 796 1256 2153 578 360 726 2360
4465861336,578 1256 726 773 360 1172 796 2360 1552 2153
4169764427,1172 773 360 578 1552 1256 726 796 2360 2153
4169762405,578 1552 1256 2153 726 2360 773 360 1172 796
4169761426,2360 578 1552 1256 796 360 773 726 2153 1172
4169764445,1552 1256 578 773 360 726 2153 796 2360 1172
4169758431,578 773 1256 796 1552 360 2153 2360 726 1172
4169761457,726 1552 1256 2153 2360 796 360 578 1172 773
4169762467,796 1172 1552 578 1256 360 726 773 2153 2360
4169764498,1256 796 773 360 726 1172 2153 578 1552 2360
4169762481,1256 2360 578 1172 773 726 360 796 2153 1552
4169762485,773 578 726 2360 360 1172 1552 1256 796 2153
4169758554,2360 360 2153 1172 1256 796 578 726 1552 773
4169758647,2360 1552 2153 726 1256 796 1172 773 578 360
4169758671,360 773 726 2360 1172 1552 578 2153 796 1256
4169761709,2360 2153 360 726 578 1172 773 796 1256 1552
4169758947,1172 726 578 796 2153 773 1552 360 2360 1256
4169762025,578 796 726 360 2360 2153 1256 773 1552 1172
4169765089,360 796 1552 2153 578 1172 2360 1256 773 726
4169763064,1172 578 726 1552 1256 2153 773 796 360 2360
4169762101,796 360 773 1256 1552 1172 726 578 2153 2360
4169763144,1552 726 2153 796 360 1172 773 1256 2360 578
4847340681,1172 726 360 1552 2153 796 578 1256 773 2360
4169771365,796 726 578 360 2153 773 1256 2360 1172 1552
4169766426,1172 360 773 796 2153 1256 1552 2360 578 726
4169772443,773 2153 1256 726 1172 360 1552 2360 578 796
4465861372,1172 360 1256 1552 2153 726 2360 773 796 578
4465861440,360 2153 1172 1552 2360 773 578 1256 796 726
4465861606,360 2360 2153 578 796 726 773 1256 1172 1552
4465861735,773 1552 726 1172 360 796 1256 2153 2360 578
4465861756,1256 2360 578 1172 2153 773 360 1552 796 726
4465861868,726 2360 773 796 1256 360 2153 1552 1172 578
4465862149,578 2153 2360 360 1256 726 1552 796 773 1172
4465862167,578 726 2153 1256 796 1172 2360 360 1552 773
4465862207,1256 578 2360 1552 773 1172 2153 726 360 796
4465873405,2153 578 1172 796 2360 360 1256 773 726 1552
4465873488,773 796 1256 360 1552 578 2360 2153 1172 726
4465873505,2360 1172 578 773 1256 2153 1552 796 726 360
4465873540,578 796 773 2153 726 1256 1172 2360 1552 360
4465873598,360 578 796 2153 773 726 1552 1172 1256 2360
4465873884,1552 773 796 726 2360 1172 360 2153 578 1256
4465886371,360 2360 1552 2153 1172 1256 578 726 796 773
4465886375,578 2360 1552 1172 796 726 2153 773 360 1256
4465886411,2153 773 1256 796 726 2360 360 1172 578 1552
4465886418,1256 1552 2153 578 360 1172 773 2360 726 796
4465886773,360 1552 1172 726 578 796 2153 773 2360 1256
4465886871,578 2360 1172 2153 726 796 1552 773 360 1256
4465886994,578 773 2360 1552 1172 1256 360 796 726 2153
4465887002,796 360 578 2153 726 1552 1172 773 1256 2360
4465887012,796 360 1552 2153 2360 726 578 1172 1256 773
4465887140,726 773 796 2153 1172 578 1256 2360 1552 360
4465896335,1552 773 2360 796 726 1256 2153 578 360 1172
4465896417,2360 2153 773 1172 796 578 1552 726 360 1256
4465896446,1172 796 1256 2153 2360 773 726 1552 360 578
4465896488,773 1256 1552 726 578 360 796 1172 2153 2360
4465896634,578 1172 1256 726 1552 2153 2360 773 360 796
4465896649,2153 578 1172 360 2360 796 726 1256 773 1552
4465896661,1172 773 796 1552 726 360 2153 2360 1256 578
4465896673,360 2153 796 773 1552 578 726 1172 2360 1256
4465896676,2153 796 1256 2360 773 1552 578 726 1172 360
4465896726,360 2153 773 578 796 1256 1552 726 1172 2360
4465896909,1256 360 1552 2153 578 773 2360 1172 796 726
4465896997,1256 773 360 2153 2360 1552 726 1172 578 796
4465897164,1172 2153 360 773 2360 578 796 1256 726 1552
4465897198,1172 578 2360 1256 1552 796 773 360 726 2153
4465906452,726 2360 1256 1552 1172 360 578 796 773 2153
4465906534,1256 578 2153 360 1552 1172 2360 796 773 726
4465906627,2153 2360 1256 1552 796 726 773 578 360 1172
4465906705,1256 1172 2360 360 2153 796 773 578 1552 726
4465906778,796 1552 773 2360 726 2153 1172 578 360 1256
4847340692,578 360 2360 726 1172 2153 1256 796 773 1552
4847340713,1256 1552 360 1172 773 796 578 2153 726 2360
4847340714,2153 1552 726 796 2360 1256 360 773 1172 578
4847340968,578 1256 726 360 1552 796 2360 2153 1172 773
4847341268,1172 360 796 1256 1552 2360 578 773 726 2153
4100090298,773 2153 360 2360 578 1256 1552 796 726 1172
4100099324,2360 1256 796 726 1172 2153 578 360 1552 773
4100096392,773 1172 1256 726 796 1552 2153 360 578 2360
4100099485,578 773 2360 2153 796 1172 1256 726 1552 360
4100102464,2360 726 2153 1172 1256 578 796 773 360 1552
4100096626,1256 726 2360 2153 773 360 1172 796 578 1552
4100096719,578 2153 796 2360 1256 726 360 773 1172 1552
4100103834,1256 773 2360 1552 2153 796 1172 578 360 726
4100096885,773 2153 1552 360 796 578 2360 1256 1172 726
4100099950,2360 726 360 1552 1172 773 1256 2153 796 578
4100102902,2360 1172 360 1552 578 796 773 1256 2153 726
4100103980,1172 2360 1256 360 726 578 2153 796 773 1552
4100102925,773 2153 1256 360 1172 578 2360 726 1552 796
4100100066,1552 2360 1172 360 2153 726 1256 578 796 773
4100103021,796 1552 1256 773 726 2360 360 2153 578 1172
4465864334,360 2153 2360 796 1256 773 726 1172 578 1552
4100100106,2360 796 360 1552 726 1256 578 773 2153 1172
4100104127,1256 578 796 2360 773 1172 360 726 2153 1552
4100100271,773 360 1172 578 796 1552 1256 2360 726 2153
4100100278,1256 360 726 796 2360 2153 1172 578 1552 773
4100107429,360 578 2153 796 773 726 1256 2360 1172 1552
4100111493,360 773 1172 1256 2153 2360 1552 578 796 726
4100111542,1172 796 578 1256 1552 2360 360 2153 773 726
4100111644,1172 796 1256 578 1552 773 726 2153 360 2360
4100107769,726 1172 796 1256 1552 773 2153 2360 360 578
4100105771,773 1256 578 2153 796 2360 1172 1552 360 726
4100105795,578 2360 1256 2153 773 726 1552 1172 360 796
4100107929,1552 2360 773 1172 796 578 360 726 2153 1256
4100111890,2360 360 578 1552 796 1256 1172 2153 773 726
4100111895,1172 726 2153 360 1552 2360 773 796 578 1256
4169759350,773 726 2153 2360 578 1552 360 796 1256 1172
4169760431,2360 773 1172 360 796 726 2153 1256 1552 578
4169757468,2360 1256 1552 578 726 360 796 1172 2153 773
4169763504,2153 726 578 1256 2360 1172 360 773 796 1552
4169760582,796 578 360 2360 773 726 1256 1172 1552 2153
4169757736,360 2360 726 1172 1256 578 2153 1552 773 796
4169760749,2153 1256 796 726 1172 360 2360 578 773 1552
4169757781,360 2153 726 1172 773 578 796 2360 1552 1256
4169763813,360 578 1256 2153 773 2360 726 796 1552 1172
4169759846,360 796 2153 1552 726 1172 578 1256 773 2360
4169763948,726 2360 773 1172 360 1256 796 578 1552 2153
4169759960,1256 726 578 1552 1172 360 773 796 2153 2360
4169760990,2360 2153 360 773 1552 796 1256 578 726 1172
4169764101,2153 360 726 1552 1256 2360 578 1172 773 796
4169764199,1256 1552 1172 773 2360 726 360 2153 796 578
4465864363,2360 578 1256 796 1552 773 2153 1172 360 726
4169765521,2153 1172 2360 773 360 578 796 726 1256 1552
4169768592,1552 2360 360 2153 1256 773 1172 796 726 578
4465864413,1552 360 2153 796 773 578 726 1172 1256 2360
4465864514,578 1256 2153 773 2360 726 1552 1172 796 360
4465864530,796 726 578 2153 773 360 1552 1172 2360 1256
4465864676,578 1256 2360 1552 773 796 2153 360 1172 726
4465864689,796 773 726 1552 360 2360 578 1172 2153 1256
4465864781,1256 796 360 1172 1552 2153 726 2360 773 578
4465864915,2153 796 360 1256 726 578 1552 2360 1172 773
4465865102,773 360 726 578 1172 1552 2360 796 2153 1256
4465865137,796 2153 1172 1256 1552 360 773 2360 726 578
4465865173,578 1172 1552 773 2153 726 796 360 1256 2360
4465865248,1172 578 2360 796 1552 1256 360 773 726 2153
4465871365,1256 773 1552 2360 578 726 2153 796 1172 360
4465871385,726 360 1172 1256 2360 2153 1552 578 773 796
4465871464,1256 360 773 578 1172 2360 1552 796 726 2153
4465871488,1172 2153 1256 578 796 1552 360 2360 773 726
4465871565,773 726 2360 360 578 1552 1256 1172 796 2153
4465871601,773 1552 1172 578 2360 726 796 2153 360 1256
4465871639,796 2360 1256 360 773 726 1552 578 1172 2153
4465871664,726 773 2153 1172 2360 1552 796 578 1256 360
4465871676,2153 578 1552 1172 773 2360 726 796 360 1256
4465871740,360 2360 1172 726 773 1256 1552 796 578 2153
4465871856,726 1552 2360 578 360 2153 1172 1256 796 773
4465871870,773 1172 1552 2360 726 360 1256 578 2153 796
4465871913,360 1172 726 578 2360 1256 796 2153 773 1552
4465871920,773 726 1552 1172 360 2360 578 1256 2153 796
4465872035,578 773 726 2153 1172 1256 2360 360 1552 796
4465872115,2153 1256 2360 1172 773 578 726 796 360 1552
4465872243,1256 2153 2360 360 1552 726 796 773 1172 578
4465883323,726 1256 2360 1172 2153 773 1552 360 578 796
4465883410,360 2360 578 773 1256 796 726 1552 2153 1172
4465883456,1552 360 726 578 1256 773 796 2153 2360 1172
4465883491,1172 2153 773 360 1552 578 2360 796 726 1256
4465883534,1172 2153 578 2360 726 773 1552 796 360 1256
4465883637,578 1256 1172 1552 2153 773 360 2360 726 796
4465883704,796 360 578 2360 773 1172 1256 1552 726 2153
4465883737,1172 1256 773 578 2153 796 2360 726 1552 360
4465883998,2153 773 726 2360 578 1256 796 1172 360 1552
4465884078,2360 1172 1256 360 726 1552 773 2153 578 796
4465884082,1552 726 2153 1256 796 2360 578 773 1172 360
4465884297,360 2360 773 726 2153 796 1552 1256 578 1172
4465893357,578 2153 2360 796 360 1256 773 1552 726 1172
4465893547,2153 773 1552 1256 578 1172 726 2360 360 796
4465893572,796 1172 1256 2360 773 2153 1552 726 360 578
4465893648,2360 726 360 796 2153 1172 578 773 1256 1552
4465893649,773 796 360 1552 726 1172 578 2360 1256 2153
4465893691,1552 2153 2360 773 1172 1256 796 360 578 726
4465893704,1552 1256 796 773 1172 726 360 2153 578 2360
4465893897,796 2153 726 773 578 1172 1552 360 1256 2360
4465894174,773 1256 1552 2153 1172 360 578 2360 796 726
4465894249,2360 773 1256 1552 578 726 360 1172 796 2153
4465903377,1552 1256 1172 2153 773 726 2360 360 578 796
4465903547,2153 796 1256 360 1172 726 2360 773 578 1552
4465903708,773 2360 1552 578 796 726 360 1256 2153 1172
4465903714,1552 360 773 1256 726 796 2153 1172 578 2360
4465903823,578 1172 773 2153 360 726 796 1256 1552 2360
4847338798,726 2360 796 2153 773 1172 360 578 1552 1256
